userId,movieId,rating
1,1,2.5
1,2,4.5
1,3,4.5
1,4,4.0
1,5,2.0
1,6,3.5
1,7,3.5
1,8,2.5
1,9,4.0
1,10,4.5
1,11,2.0
1,12,4.5
1,13,5.0
1,14,4.0
1,15,4.0
118,1,4.0
118,4,0.5
118,185,0.5
118,322,4.0
118,763,4.5
118,1088,4.0
118,1090,4.0
118,1391,2.0
118,1392,4.5
118,1393,5.0
118,1394,4.0
118,1395,4.5
118,1396,0.5
118,1397,0.5
118,1398,3.0
155,1,2.5
155,4,5.0
155,333,4.5
155,1760,4.5
155,333,4.5
155,1760,4.5
155,333,5.0
155,1760,5.0
155,333,5.0
155,1760,5.0
155,333,5.0
155,1760,5.0
155,333,5.0
155,1760,5.0
155,333,5.0
155,1760,5.0
155,333,4.5
155,1760,4.5
155,1243,4.0
155,1761,4.5
155,1762,5.0
155,1763,5.0
155,1764,5.0
38,3,3.5
38,10,3.5
38,486,4.0
38,487,5.0
38,488,3.0
38,489,5.0
38,490,5.0
38,491,2.5
38,492,5.0
38,493,2.5
38,494,3.5
38,495,2.5
38,496,2.0
38,497,4.0
38,498,3.5
111,4,3.5
111,7,4.0
111,30,5.0
111,34,3.5
111,39,3.5
111,240,4.0
111,567,5.0
111,967,3.5
111,1316,4.0
111,1317,3.0
111,1318,0.5
111,1319,0.5
111,1320,5.0
111,1321,4.5
111,1322,2.5
68,5,5.0
68,252,3.5
68,311,2.5
68,819,4.0
68,821,5.0
68,822,0.5
68,842,3.0
68,843,5.0
68,844,1.0
68,845,1.5
68,846,4.0
68,847,3.0
68,848,0.5
68,849,3.5
68,850,0.5
146,5,0.5
146,120,5.0
146,221,5.0
146,785,0.5
146,883,1.5
146,1000,0.5
146,1398,1.5
146,1681,4.0
146,1682,0.5
146,1683,0.5
146,1684,1.5
146,1685,2.5
146,1686,0.5
146,1687,4.0
146,1688,4.0
57,6,4.0
57,125,2.0
57,366,4.0
57,367,4.0
57,721,4.0
57,722,4.0
57,723,3.5
57,724,3.5
57,725,2.0
57,726,5.0
57,727,3.0
57,728,4.0
57,729,5.0
57,730,3.5
57,731,3.5
57,732,4.0
67,7,3.5
67,475,3.0
67,478,5.0
67,494,3.5
67,638,3.0
67,640,3.0
67,833,1.0
67,834,3.0
67,835,4.0
67,836,4.0
67,837,4.5
67,838,3.0
67,839,3.0
67,840,3.0
67,841,4.0
70,7,4.0
70,7,4.0
70,240,4.5
70,240,4.5
70,348,4.5
70,348,4.5
70,589,3.5
70,589,3.5
70,863,2.0
70,863,2.0
70,864,3.5
70,864,3.5
70,865,4.0
70,865,4.0
70,866,4.0
70,866,4.0
70,867,3.0
70,867,3.0
70,868,2.5
70,868,2.5
70,869,4.5
70,869,4.5
70,870,4.5
70,948,4.5
70,870,4.5
70,948,4.5
70,871,2.0
70,871,2.0
70,872,2.0
70,872,2.0
70,873,4.0
70,873,4.0
102,7,2.5
102,23,3.0
102,24,3.0
102,401,3.5
102,956,2.5
102,1024,2.5
102,1198,4.0
102,1199,4.0
102,1200,3.0
102,1201,3.0
102,1202,4.0
102,1203,3.5
102,1204,3.5
102,1205,3.0
102,1206,4.5
102,1207,2.5
125,7,3.5
125,240,4.0
125,638,3.5
125,830,4.0
125,1469,3.5
125,1470,3.5
125,1471,3.5
125,1472,3.5
125,1473,3.0
125,1474,4.5
125,1475,4.0
125,1476,3.0
125,1477,3.0
125,1478,3.0
125,1479,3.5
156,7,4.5
156,30,4.0
156,33,3.5
156,39,4.5
156,744,2.5
156,1724,4.5
156,1752,3.0
156,1765,3.5
156,1766,4.0
156,1767,4.0
156,1768,3.0
156,1769,4.0
156,1770,3.0
156,1771,3.5
156,1772,3.0
95,10,3.5
95,178,3.5
95,404,2.5
95,613,4.0
95,839,3.5
95,1004,4.0
95,1121,3.5
95,1122,1.5
95,1123,1.5
95,1124,4.5
95,1125,3.0
95,1126,3.5
95,1127,4.0
95,1128,3.5
95,1129,1.5
137,12,4.5
137,14,4.0
137,247,3.0
137,487,4.5
137,1059,3.5
137,1402,4.0
137,1433,1.0
137,1575,4.5
137,1587,5.0
137,1588,2.0
137,1589,0.5
137,1590,3.5
137,1591,2.5
137,1592,3.5
137,1593,3.0
19,13,4.5
19,165,2.0
19,240,4.0
19,243,3.5
19,244,4.0
19,245,4.5
19,246,3.5
19,247,3.5
19,248,4.0
19,249,3.0
19,250,4.5
19,251,5.0
19,252,3.5
19,253,4.0
19,254,3.5
44,13,3.5
44,153,3.5
44,153,1.5
44,153,2.5
44,561,1.0
44,562,4.0
44,563,1.0
44,564,1.5
44,565,1.0
44,566,3.0
44,567,2.5
44,568,3.0
44,569,1.5
44,570,1.5
44,571,2.5
30,14,3.5
30,384,3.0
30,385,3.5
30,386,3.0
30,387,2.5
30,388,2.0
30,389,4.0
30,390,3.0
30,391,3.5
30,392,3.5
30,393,1.5
30,394,3.5
30,395,2.5
30,396,2.0
30,397,3.5
2,16,3.5
2,16,3.5
2,16,3.5
2,16,3.5
2,16,3.5
2,16,3.5
2,16,3.5
2,16,3.5
2,17,4.0
2,18,4.0
2,17,4.0
2,18,4.0
2,17,4.0
2,18,4.0
2,17,4.0
2,18,4.0
2,17,4.0
2,18,4.0
2,17,4.0
2,18,4.0
2,17,4.0
2,18,4.0
2,17,4.0
2,18,4.0
2,17,4.0
2,18,4.0
2,17,4.0
2,18,4.0
2,17,4.0
2,18,4.0
2,17,4.0
2,18,4.0
2,17,4.0
2,18,4.0
2,17,4.0
2,18,4.0
2,17,4.0
2,18,4.0
2,17,4.0
2,18,4.0
2,17,4.0
2,18,4.0
2,17,4.0
2,18,4.0
2,17,4.0
2,18,4.0
2,17,4.0
2,18,4.0
2,17,4.0
2,18,4.0
2,17,4.0
2,18,4.0
2,17,4.0
2,18,4.0
2,17,4.0
2,18,4.0
2,17,4.0
2,18,4.0
2,17,4.0
2,18,4.0
2,17,4.0
2,18,4.0
2,17,4.0
2,18,4.0
2,17,4.0
2,18,4.0
2,17,4.0
2,18,4.0
2,17,4.0
2,18,4.0
2,17,4.0
2,18,4.0
2,19,4.0
2,19,4.0
2,19,4.0
2,19,4.0
2,19,4.0
2,19,4.0
2,19,4.0
2,19,4.0
2,19,4.0
2,19,4.0
2,19,4.0
2,19,4.0
2,19,4.0
2,19,4.0
2,19,4.0
2,19,4.0
2,20,3.5
2,20,3.5
2,20,3.5
2,20,3.5
2,20,3.5
2,20,3.5
2,20,3.5
2,20,3.5
2,21,3.0
2,21,3.0
2,21,3.0
2,21,3.0
2,21,3.0
2,21,3.0
2,21,3.0
2,21,3.0
2,22,0.0
2,22,0.0
2,22,0.0
2,22,0.0
2,22,0.0
2,22,0.0
2,22,0.0
2,22,0.0
2,22,0.0
2,22,0.0
2,22,0.0
2,22,0.0
2,22,0.0
2,22,0.0
2,22,0.0
2,22,0.0
2,23,3.0
2,24,3.0
2,23,2.0
2,24,2.0
2,23,3.5
2,24,3.5
2,23,1.0
2,24,1.0
2,23,3.0
2,24,3.0
2,23,2.0
2,24,2.0
2,23,3.5
2,24,3.5
2,23,1.0
2,24,1.0
2,23,3.0
2,24,3.0
2,23,2.0
2,24,2.0
2,23,3.5
2,24,3.5
2,23,3.0
2,24,3.0
2,23,2.0
2,24,2.0
2,23,3.5
2,24,3.5
2,23,3.0
2,24,3.0
2,23,2.0
2,24,2.0
2,23,3.0
2,24,3.0
2,23,2.0
2,24,2.0
2,23,3.0
2,24,3.0
2,23,2.0
2,24,2.0
2,23,3.0
2,24,3.0
2,23,2.0
2,24,2.0
2,326,4.0
2,326,4.0
2,326,4.0
2,326,4.0
2,326,4.0
2,326,4.0
2,1142,4.0
2,1142,4.0
2,1142,4.0
2,1142,4.0
39,20,3.5
39,165,2.0
39,264,1.5
39,499,3.0
39,500,4.0
39,501,2.0
39,502,2.0
39,503,0.0
39,504,3.5
39,505,5.0
39,506,3.0
39,507,2.0
39,508,1.5
39,509,3.0
39,510,3.0
51,20,3.5
51,20,3.5
51,20,3.5
51,20,3.5
51,167,2.0
51,167,2.0
51,167,2.0
51,167,2.0
51,240,3.0
51,240,3.0
51,240,3.0
51,240,3.0
51,501,3.5
51,501,3.5
51,501,3.5
51,501,3.5
51,505,3.5
51,505,3.5
51,505,3.5
51,505,3.5
51,528,1.0
51,528,1.0
51,528,1.0
51,528,1.0
51,634,3.5
51,634,3.5
51,634,3.5
51,634,3.5
51,645,3.0
51,645,3.0
51,645,3.0
51,645,3.0
51,646,4.5
51,646,4.5
51,646,4.5
51,646,4.5
51,647,3.5
51,647,3.5
51,647,3.5
51,647,3.5
51,648,3.5
51,648,3.5
51,648,3.5
51,648,3.5
51,649,4.0
51,649,4.0
51,649,4.0
51,649,4.0
51,650,2.5
51,650,2.5
51,650,2.5
51,650,2.5
51,651,3.5
51,651,3.5
51,651,3.5
51,651,3.5
51,652,3.5
51,652,3.5
51,652,3.5
51,652,3.5
100,20,3.5
100,174,4.5
100,211,1.0
100,348,4.5
100,501,2.0
100,506,3.5
100,639,3.5
100,650,3.5
100,873,4.5
100,1178,4.5
100,1179,4.5
100,1180,4.5
100,1181,2.0
100,1182,3.5
100,1183,2.0
3,25,4.5
3,25,4.5
3,25,4.5
3,25,4.5
3,25,4.5
3,26,3.5
3,26,3.5
3,26,3.5
3,26,3.5
3,26,3.5
3,27,3.0
3,27,3.0
3,27,3.0
3,27,3.0
3,27,3.0
3,28,3.0
3,28,3.0
3,28,3.0
3,28,3.0
3,28,3.0
3,29,4.0
3,29,4.0
3,29,4.0
3,29,4.0
3,29,4.0
3,30,3.5
3,30,3.5
3,30,3.5
3,30,3.5
3,30,3.5
3,31,2.0
3,31,2.0
3,31,2.0
3,31,2.0
3,31,2.0
3,32,4.5
3,32,4.5
3,32,4.5
3,32,4.5
3,32,4.5
3,33,4.0
3,33,4.0
3,33,4.0
3,33,4.0
3,33,4.0
3,34,2.5
3,34,2.5
3,34,2.5
3,34,2.5
3,34,2.5
3,35,4.0
3,35,4.0
3,35,4.0
3,35,4.0
3,35,4.0
3,36,3.0
3,36,3.0
3,36,3.0
3,36,3.0
3,36,3.0
3,37,2.0
3,37,2.0
3,37,2.0
3,37,2.0
3,37,2.0
3,38,2.5
3,38,2.5
3,38,2.5
3,38,2.5
3,38,2.5
3,39,3.5
3,39,3.5
3,39,3.5
3,39,3.5
3,39,3.5
72,32,3.5
72,888,4.5
72,889,2.5
72,890,4.0
72,891,3.0
72,892,3.0
72,893,5.0
72,894,4.0
72,895,5.0
72,896,4.0
72,897,4.5
72,898,3.5
72,899,4.0
72,900,4.5
72,901,4.5
112,33,3.0
112,165,3.5
112,208,5.0
112,209,5.0
112,240,4.5
112,353,4.0
112,641,4.0
112,832,4.5
112,834,3.0
112,967,4.5
112,1323,4.0
112,1324,4.0
112,1325,4.5
112,1326,4.5
112,1327,5.0
112,1328,4.0
103,38,3.0
103,1208,4.0
103,1209,4.0
103,1210,3.0
103,1211,3.5
103,1212,3.0
103,1213,4.0
103,1214,3.5
103,1215,3.5
103,1216,4.0
103,1217,2.5
103,1218,3.0
103,1219,3.0
103,1220,4.0
103,1221,3.5
117,38,2.5
117,185,3.5
117,264,3.0
117,645,3.5
117,671,4.0
117,783,2.5
117,994,1.5
117,1383,4.0
117,1384,4.0
117,1385,4.0
117,1386,3.0
117,1387,3.0
117,1388,2.5
117,1389,3.5
117,1390,3.5
83,39,3.5
83,994,3.5
83,995,3.5
83,996,3.5
83,997,1.0
83,998,3.0
83,999,4.0
83,1000,3.0
83,1001,2.5
83,1002,4.5
83,1003,4.0
83,1004,5.0
83,1005,4.0
83,1006,4.5
83,1007,0.5
4,40,3.5
4,40,3.5
4,40,3.5
4,40,3.5
4,40,3.5
4,40,3.5
4,41,2.0
4,41,2.0
4,41,2.0
4,41,2.0
4,41,2.0
4,41,2.0
4,42,0.0
4,42,0.0
4,42,0.0
4,42,0.0
4,42,0.0
4,42,0.0
4,43,2.0
4,43,2.0
4,43,2.0
4,43,2.0
4,43,2.0
4,43,2.0
4,44,3.0
4,44,3.0
4,44,3.0
4,44,3.0
4,44,3.0
4,44,3.0
4,45,1.0
4,45,1.0
4,45,1.0
4,45,1.0
4,45,1.0
4,45,1.0
4,46,3.0
4,46,3.0
4,46,3.0
4,46,3.0
4,46,3.0
4,46,3.0
4,47,3.0
4,47,3.0
4,47,3.0
4,47,3.0
4,47,3.0
4,47,3.0
4,48,3.0
4,48,3.0
4,48,3.0
4,48,3.0
4,48,3.0
4,48,3.0
4,49,1.0
4,49,1.0
4,49,1.0
4,49,1.0
4,49,1.0
4,49,1.0
4,50,3.0
4,50,3.0
4,50,3.0
4,50,3.0
4,50,3.0
4,50,3.0
4,51,3.5
4,51,3.5
4,51,3.5
4,51,3.5
4,51,3.5
4,51,3.5
4,52,1.5
4,52,1.5
4,52,1.5
4,52,1.5
4,52,1.5
4,52,1.5
4,53,1.0
4,53,1.0
4,53,1.0
4,53,1.0
4,53,1.0
4,53,1.0
4,54,3.0
4,54,3.0
4,54,3.0
4,54,3.0
4,54,3.0
4,54,3.0
5,55,3.5
5,55,4.0
5,55,3.5
5,55,4.0
5,55,3.5
5,55,4.0
5,55,3.5
5,55,4.0
5,55,3.5
5,55,4.0
5,55,3.5
5,55,4.0
5,55,3.5
5,55,4.0
5,55,3.5
5,55,4.0
5,55,3.5
5,55,4.0
5,56,4.0
5,56,4.0
5,56,4.0
5,56,4.0
5,56,4.0
5,56,4.0
5,56,4.0
5,56,4.0
5,56,4.0
5,57,3.0
5,57,3.0
5,57,3.0
5,57,3.0
5,57,3.0
5,57,3.0
5,57,3.0
5,57,3.0
5,57,3.0
5,58,4.0
5,58,4.0
5,58,4.0
5,58,4.0
5,58,4.0
5,58,4.0
5,58,4.0
5,58,4.0
5,58,4.0
5,59,5.0
5,59,5.0
5,59,5.0
5,59,5.0
5,59,5.0
5,59,5.0
5,59,5.0
5,59,5.0
5,59,5.0
5,60,1.5
5,60,1.5
5,60,1.5
5,60,1.5
5,60,1.5
5,60,1.5
5,60,1.5
5,60,1.5
5,60,1.5
5,61,2.5
5,61,2.5
5,61,2.5
5,61,2.5
5,61,2.5
5,61,2.5
5,61,2.5
5,61,2.5
5,61,2.5
5,62,3.5
5,62,3.5
5,62,3.5
5,62,3.5
5,62,3.5
5,62,3.5
5,62,3.5
5,62,3.5
5,62,3.5
5,63,4.0
5,63,4.0
5,63,4.0
5,63,4.0
5,63,4.0
5,63,4.0
5,63,4.0
5,63,4.0
5,63,4.0
5,64,2.5
5,64,2.5
5,64,2.5
5,64,2.5
5,64,2.5
5,64,2.5
5,64,2.5
5,64,2.5
5,64,2.5
5,65,5.0
5,65,5.0
5,65,5.0
5,65,5.0
5,65,5.0
5,65,5.0
5,65,5.0
5,65,5.0
5,65,5.0
5,66,1.5
5,66,1.5
5,66,1.5
5,66,1.5
5,66,1.5
5,66,1.5
5,66,1.5
5,66,1.5
5,66,1.5
5,67,2.5
5,67,2.5
5,67,2.5
5,67,2.5
5,67,2.5
5,67,2.5
5,67,2.5
5,67,2.5
5,67,2.5
5,68,2.5
5,68,2.5
5,68,2.5
5,68,2.5
5,68,2.5
5,68,2.5
5,68,2.5
5,68,2.5
5,68,2.5
6,69,4.5
6,70,4.0
6,71,4.0
6,72,5.0
6,73,4.0
6,74,4.0
6,75,4.5
6,76,2.5
6,77,5.0
6,78,2.0
6,79,2.0
6,78,3.5
6,79,3.5
6,80,5.0
6,81,3.5
6,82,4.5
6,83,3.0
144,73,2.5
144,532,5.0
144,967,5.0
144,1319,0.5
144,1462,0.5
144,1665,0.5
144,1660,1.0
144,1661,4.0
144,1662,0.5
144,1662,5.0
144,1663,4.0
144,1664,4.0
144,1666,4.0
144,1667,3.5
144,1668,1.0
144,1669,5.0
78,74,2.5
78,378,5.0
78,465,3.5
78,490,3.0
78,846,3.5
78,870,3.5
78,948,3.5
78,870,1.5
78,948,1.5
78,943,1.5
78,944,4.5
78,945,1.0
78,946,1.0
78,947,2.5
78,949,4.0
78,950,3.5
78,951,1.5
69,76,4.0
69,76,4.0
69,142,5.0
69,142,5.0
69,251,5.0
69,251,5.0
69,851,3.0
69,851,3.0
69,852,4.0
69,852,4.0
69,853,4.0
69,853,4.0
69,854,3.5
69,854,3.5
69,855,5.0
69,855,5.0
69,856,4.5
69,856,4.5
69,857,4.0
69,857,4.0
69,858,4.5
69,858,4.5
69,859,5.0
69,859,5.0
69,860,3.0
69,860,3.0
69,861,2.5
69,861,2.5
69,862,2.5
69,862,2.5
152,76,1.0
152,149,4.5
152,401,3.0
152,1724,3.5
152,1725,4.5
152,1726,3.5
152,1727,4.5
152,1728,3.5
152,1729,0.5
152,1730,1.5
152,1731,2.0
152,1732,4.0
152,1733,3.0
152,1734,2.5
152,1735,4.0
11,80,5.0
11,81,5.0
11,82,5.0
11,83,5.0
11,141,5.0
11,142,5.0
11,143,5.0
11,144,5.0
11,145,5.0
11,146,5.0
11,147,5.0
11,148,5.0
11,149,5.0
11,150,5.0
11,151,5.0
151,80,5.0
151,142,5.0
151,252,5.0
151,1712,5.0
151,1713,5.0
151,1714,5.0
151,1715,1.5
151,1716,5.0
151,1717,5.0
151,1718,5.0
151,1719,2.0
151,1720,2.0
151,1721,1.5
151,1722,5.0
151,1723,0.5
74,81,5.0
74,144,5.0
74,147,5.0
74,333,4.0
74,1760,4.0
74,904,5.0
74,905,5.0
74,906,4.5
74,907,3.0
74,908,2.5
74,909,4.0
74,910,4.0
74,911,1.0
74,912,4.5
74,913,4.0
74,914,3.5
142,81,4.5
142,147,4.0
142,208,3.5
142,209,3.5
142,211,2.5
142,230,3.5
142,240,5.0
142,264,3.0
142,265,4.0
142,449,2.5
142,531,4.0
142,671,4.0
142,1649,4.0
142,1650,2.0
142,1651,4.5
142,1652,5.0
107,83,5.0
107,767,4.5
107,788,2.0
107,1261,4.0
107,1262,2.5
107,1263,3.0
107,1264,2.5
107,1265,4.5
107,1266,5.0
107,1267,4.5
107,1268,3.5
107,1269,4.0
107,1270,3.0
107,1271,3.5
107,1272,3.5
7,84,4.0
7,84,4.0
7,84,4.0
7,84,4.0
7,84,4.0
7,85,3.0
7,85,3.0
7,85,3.0
7,85,3.0
7,85,3.0
7,86,4.5
7,86,4.5
7,86,4.5
7,86,4.5
7,86,4.5
7,87,0.5
7,87,0.5
7,87,0.5
7,87,0.5
7,87,0.5
7,88,3.0
7,88,3.0
7,88,3.0
7,88,3.0
7,88,3.0
7,89,4.0
7,89,4.0
7,89,4.0
7,89,4.0
7,89,4.0
7,90,2.5
7,90,2.5
7,90,2.5
7,90,2.5
7,90,2.5
7,91,3.5
7,91,3.5
7,91,3.5
7,91,3.5
7,91,3.5
7,92,5.0
7,93,5.0
7,92,4.5
7,93,4.5
7,92,4.5
7,93,4.5
7,92,4.5
7,93,4.5
7,92,4.5
7,93,4.5
7,92,5.0
7,93,5.0
7,92,4.5
7,93,4.5
7,92,4.5
7,93,4.5
7,92,4.5
7,93,4.5
7,92,4.5
7,93,4.5
7,92,5.0
7,93,5.0
7,92,4.5
7,93,4.5
7,92,4.5
7,93,4.5
7,92,4.5
7,93,4.5
7,92,4.5
7,93,4.5
7,92,5.0
7,93,5.0
7,92,4.5
7,93,4.5
7,92,4.5
7,93,4.5
7,92,4.5
7,93,4.5
7,92,4.5
7,93,4.5
7,92,5.0
7,93,5.0
7,92,4.5
7,93,4.5
7,92,4.5
7,93,4.5
7,92,4.5
7,93,4.5
7,92,4.5
7,93,4.5
7,94,3.5
7,94,3.5
7,94,3.5
7,94,3.5
7,94,3.5
7,95,2.5
7,95,2.5
7,95,2.5
7,95,2.5
7,95,2.5
159,84,3.0
159,1683,3.5
159,1793,1.5
159,1794,2.0
159,1795,2.5
159,1796,2.0
159,1797,3.5
159,1798,1.0
159,1799,3.0
159,1800,2.5
159,1801,1.5
159,1802,2.5
159,1803,2.5
159,1804,2.5
159,1805,1.5
41,86,2.5
41,86,2.5
41,165,3.0
41,165,3.0
41,169,3.0
41,169,3.0
41,526,1.5
41,526,1.5
41,527,3.0
41,527,3.0
41,528,3.5
41,528,3.5
41,529,4.0
41,529,4.0
41,530,2.0
41,530,2.0
41,531,4.0
41,531,4.0
41,532,3.5
41,532,3.5
41,533,2.0
41,533,2.0
41,534,3.0
41,534,3.0
41,535,3.0
41,535,3.0
41,536,5.0
41,536,5.0
41,537,5.0
41,537,5.0
98,86,3.0
98,240,4.0
98,264,1.5
98,341,3.0
98,473,3.0
98,502,2.5
98,645,3.5
98,650,3.5
98,1156,3.5
98,1157,3.0
98,1158,3.5
98,1159,4.5
98,1160,3.5
98,1161,1.0
98,1162,4.5
147,86,3.0
147,240,4.5
147,528,3.0
147,531,4.0
147,543,4.5
147,544,4.0
147,846,4.0
147,857,4.5
147,1063,3.5
147,1689,3.5
147,1690,2.0
147,1691,4.5
147,1692,3.0
147,1693,4.0
147,1694,3.5
8,96,4.0
8,97,3.5
8,98,2.0
8,99,1.0
8,100,3.5
8,101,3.5
8,102,4.5
8,103,4.0
8,104,3.0
8,105,2.5
8,106,5.0
8,107,2.5
8,108,3.0
8,109,3.5
8,110,0.5
150,108,3.0
150,265,4.5
150,335,4.5
150,353,3.5
150,766,4.0
150,1774,4.0
150,788,2.5
150,866,4.0
150,1220,3.5
150,1705,4.5
150,1706,5.0
150,1707,3.5
150,1708,4.0
150,1709,3.5
150,1710,4.0
150,1711,4.5
9,111,3.5
9,112,3.5
9,113,3.5
9,114,3.5
9,115,3.0
9,116,3.0
9,117,3.0
9,118,3.5
9,119,3.5
9,120,3.5
9,121,3.5
9,122,3.5
9,123,3.5
9,124,2.5
9,125,3.0
91,117,4.0
91,146,5.0
91,539,4.5
91,728,4.0
91,786,5.0
91,1073,5.0
91,1074,4.0
91,1075,4.5
91,1076,3.5
91,1077,4.5
91,1078,3.5
91,1079,4.5
91,1080,3.5
91,1081,4.0
91,1082,5.0
92,119,2.5
92,843,3.5
92,1083,3.5
92,1084,3.5
92,1085,3.5
92,1086,3.5
92,1087,3.0
92,1088,4.0
92,1089,3.0
92,1090,3.0
92,1091,4.0
92,1092,2.0
92,1093,4.0
92,1094,4.5
92,1095,3.5
76,125,1.5
76,353,2.0
76,366,4.5
76,367,4.5
76,463,4.5
76,644,2.5
76,740,2.0
76,866,3.5
76,924,2.5
76,925,2.5
76,926,2.0
76,927,0.5
76,928,3.5
76,929,2.5
76,930,2.5
76,931,2.0
10,126,5.0
10,126,5.0
10,127,3.5
10,127,3.5
10,128,3.0
10,128,3.0
10,129,2.0
10,129,2.0
10,130,1.5
10,130,1.5
10,131,3.5
10,131,3.5
10,132,4.0
10,132,4.0
10,133,2.0
10,133,2.0
10,134,3.5
10,134,3.5
10,135,3.5
10,135,3.5
10,136,3.0
10,136,3.0
10,137,4.0
10,137,4.0
10,138,2.5
10,138,2.5
10,139,4.5
10,139,4.5
10,140,3.5
10,140,3.5
120,126,4.0
120,423,4.0
120,1123,4.0
120,1289,4.0
120,1339,4.5
120,1411,1.5
120,1412,4.5
120,1413,2.5
120,1414,5.0
120,1415,4.0
120,1416,5.0
120,1417,3.0
120,1418,2.5
120,1419,2.5
120,1420,1.5
149,133,4.0
149,133,3.5
149,133,2.0
149,133,3.5
149,133,2.5
149,133,3.5
149,133,4.5
149,133,2.0
149,133,3.0
149,133,4.0
149,133,3.5
149,133,4.5
149,133,4.5
149,133,3.5
149,133,3.5
153,141,5.0
153,533,0.5
153,603,5.0
153,1736,5.0
153,1737,3.5
153,1738,5.0
153,1739,0.5
153,1740,4.5
153,1741,0.5
153,1742,5.0
153,1743,4.5
153,1744,0.5
153,1745,4.0
153,1746,2.0
153,1747,1.0
46,142,2.5
46,587,4.5
46,588,3.5
46,589,2.5
46,590,3.0
46,591,3.0
46,592,2.0
46,593,2.0
46,594,3.5
46,595,3.5
46,596,3.0
46,597,2.0
46,598,3.5
46,599,2.5
46,600,1.5
88,146,5.0
88,463,5.0
88,538,5.0
88,1051,5.0
88,1052,5.0
88,1053,5.0
88,1054,1.0
88,1055,5.0
88,1056,5.0
88,1057,5.0
88,1058,5.0
88,1059,5.0
88,1060,5.0
88,1061,5.0
88,1062,5.0
128,146,5.0
128,1053,5.0
128,1499,3.0
128,1500,5.0
128,1501,5.0
128,1502,5.0
128,1503,5.0
128,1504,1.5
128,1505,3.5
85,148,5.0
85,211,4.0
85,281,4.5
85,501,1.5
85,506,3.5
85,633,3.5
85,1019,3.5
85,1020,4.5
85,1021,4.0
85,1022,3.5
85,1023,4.5
85,1024,3.0
85,1025,2.0
85,1026,4.5
85,1027,3.0
158,150,3.0
158,756,5.0
158,1780,2.0
158,1781,5.0
158,1782,2.0
158,1783,2.5
158,1784,5.0
158,1785,3.5
158,1786,1.5
158,1787,2.0
158,1788,5.0
158,1789,4.5
158,1790,5.0
158,1791,4.0
158,1792,4.0
132,151,5.0
132,440,2.0
132,743,1.5
132,1112,4.5
132,1541,2.0
132,1542,2.0
132,1543,3.0
132,1544,1.5
132,1545,2.5
132,1546,1.0
132,1547,1.5
132,1548,2.0
132,1549,4.0
132,1550,3.5
132,1551,4.0
12,152,2.5
12,152,2.5
12,152,2.5
12,152,2.5
12,153,2.5
12,153,2.5
12,153,3.0
12,153,3.5
12,153,2.5
12,153,2.5
12,153,3.0
12,153,3.5
12,153,2.5
12,153,2.5
12,153,3.0
12,153,3.5
12,153,2.5
12,153,2.5
12,153,3.0
12,153,3.5
12,154,4.0
12,154,4.0
12,154,4.0
12,154,4.0
12,155,2.5
12,155,2.5
12,155,2.5
12,155,2.5
12,156,4.0
12,156,3.5
12,156,4.0
12,156,3.5
12,156,4.0
12,156,3.5
12,156,4.0
12,156,3.5
12,157,2.0
12,157,2.0
12,157,2.0
12,157,2.0
12,157,2.0
12,157,2.0
12,157,2.0
12,157,2.0
12,158,3.0
12,158,3.0
12,158,3.0
12,158,3.0
12,159,2.0
12,159,2.0
12,159,2.0
12,159,2.0
12,160,3.0
12,160,3.0
12,160,3.0
12,160,3.0
12,161,1.5
12,161,1.5
12,161,1.5
12,161,1.5
13,162,2.5
13,163,4.0
13,164,3.0
13,165,3.0
13,166,3.5
13,167,3.0
13,168,3.5
13,169,4.0
13,170,2.5
13,171,4.5
13,172,3.5
13,173,4.5
13,174,4.0
13,175,3.0
13,176,2.5
21,169,3.5
21,169,3.5
21,169,3.5
21,169,3.5
21,169,3.5
21,169,3.5
21,258,4.0
21,258,3.5
21,258,3.5
21,258,4.0
21,258,4.0
21,258,3.0
21,258,3.5
21,258,4.0
21,258,3.5
21,258,3.5
21,258,4.0
21,258,4.0
21,258,3.0
21,258,3.5
21,258,4.0
21,258,3.5
21,258,3.5
21,258,4.0
21,258,4.0
21,258,3.0
21,258,3.5
21,258,4.0
21,258,3.5
21,258,3.5
21,258,4.0
21,258,4.0
21,258,3.0
21,258,3.5
21,258,4.0
21,258,3.5
21,258,3.5
21,258,4.0
21,258,4.0
21,258,3.0
21,258,3.5
21,258,4.0
21,258,3.5
21,258,3.5
21,258,4.0
21,258,4.0
21,258,3.0
21,258,3.5
21,259,4.0
21,259,4.0
21,259,4.0
21,259,4.0
21,259,4.0
21,259,4.0
21,260,3.0
21,260,3.0
21,260,3.0
21,260,3.0
21,260,3.0
21,260,3.0
21,261,2.5
21,261,2.5
21,261,2.5
21,261,2.5
21,261,2.5
21,261,2.5
21,262,2.5
21,262,2.5
21,262,2.5
21,262,2.5
21,262,2.5
21,262,2.5
21,263,4.0
21,263,4.0
21,263,4.0
21,263,4.0
21,263,4.0
21,263,4.0
21,264,3.5
21,264,3.5
21,264,3.5
21,264,3.5
21,264,3.5
21,264,3.5
21,265,4.0
21,265,4.0
21,265,4.0
21,265,4.0
21,265,4.0
21,265,4.0
42,169,5.0
42,173,4.5
42,240,4.0
42,264,0.5
42,538,3.5
42,539,4.0
42,540,1.0
42,990,1.0
42,541,0.5
42,542,3.5
42,543,4.0
42,544,4.5
42,545,3.0
42,546,3.5
42,547,3.0
42,548,3.5
43,169,4.5
43,211,3.0
43,529,4.0
43,549,3.5
43,550,4.0
43,551,3.5
43,552,3.0
43,553,3.5
43,554,3.5
43,555,3.5
43,556,3.5
43,557,4.0
43,558,4.0
43,559,3.5
43,560,3.5
60,169,2.5
60,174,3.5
60,211,2.5
60,265,3.0
60,348,2.5
60,452,4.0
60,646,3.0
60,669,4.0
60,761,2.5
60,762,3.0
60,763,3.0
60,764,3.0
60,765,1.5
60,766,4.0
60,1774,4.0
60,767,3.0
122,171,4.0
122,173,4.0
122,347,4.0
122,641,4.5
122,1434,3.0
122,1435,3.5
122,1436,4.5
122,1437,3.0
122,1438,2.0
122,1439,4.0
122,1440,4.5
122,1441,3.0
122,1442,3.5
122,1443,4.0
122,1444,2.0
62,173,4.0
62,240,4.5
62,543,3.5
62,544,4.0
62,726,4.0
62,731,3.0
62,783,2.5
62,784,3.0
62,785,2.5
62,786,4.0
62,787,3.5
62,788,3.0
62,789,4.0
62,790,2.0
62,791,3.5
65,173,3.5
65,805,3.5
65,806,4.0
65,807,4.0
65,808,4.0
65,809,3.5
65,810,4.5
65,811,4.5
65,812,4.5
65,813,4.0
65,814,3.0
65,815,2.5
65,816,3.5
65,817,4.0
65,818,3.5
75,173,3.5
75,240,4.0
75,671,3.0
75,761,3.5
75,766,3.5
75,1774,3.5
75,915,4.0
75,916,4.0
75,917,3.5
75,918,3.5
75,918,3.5
75,919,2.5
75,920,3.0
75,921,1.5
75,922,3.0
75,923,2.5
138,173,3.0
138,1241,4.5
138,1594,5.0
138,1595,4.0
138,1596,5.0
138,1597,4.0
138,1598,4.0
138,1599,2.0
138,1600,3.5
138,1601,3.5
138,1602,4.0
138,1603,3.0
138,1604,4.0
138,1605,3.5
138,1606,5.0
14,177,4.5
14,178,0.5
14,179,4.5
14,180,3.5
14,181,3.5
14,182,4.5
14,183,3.0
14,184,3.5
14,185,3.0
14,186,1.5
14,187,3.0
14,410,3.0
14,188,3.5
14,189,4.5
14,190,4.0
14,191,4.0
94,178,4.5
94,574,4.0
94,606,3.5
94,629,2.5
94,858,4.0
94,1111,5.0
94,1112,4.0
94,1113,3.5
94,1114,3.0
94,1115,2.5
94,1116,2.5
94,1117,4.0
94,1118,3.0
94,1119,4.5
94,1120,2.0
32,187,3.5
32,410,3.5
32,187,3.5
32,410,3.5
32,408,4.0
32,409,5.0
32,409,5.0
32,409,4.5
32,411,2.0
32,412,4.5
32,412,4.5
32,413,4.5
32,414,1.0
32,415,3.0
32,416,3.0
32,417,3.5
32,418,3.5
15,192,2.5
15,193,2.0
15,194,2.5
15,195,2.0
15,196,3.0
15,197,3.5
15,198,4.5
15,199,3.5
15,200,1.5
15,201,4.0
15,202,5.0
15,203,2.5
15,204,3.0
15,205,1.5
15,206,3.0
16,207,2.0
16,207,2.0
16,207,2.0
16,208,4.0
16,209,4.0
16,208,4.5
16,209,4.5
16,208,4.0
16,209,4.0
16,208,3.5
16,209,3.5
16,208,3.5
16,209,3.5
16,208,3.5
16,209,3.5
16,208,3.5
16,209,3.5
16,208,3.5
16,209,3.5
16,208,3.5
16,209,3.5
16,208,4.0
16,209,4.0
16,208,4.0
16,209,4.0
16,208,4.0
16,209,4.0
16,208,4.5
16,209,4.5
16,208,4.0
16,209,4.0
16,208,3.5
16,209,3.5
16,208,3.5
16,209,3.5
16,208,3.5
16,209,3.5
16,208,3.5
16,209,3.5
16,208,3.5
16,209,3.5
16,208,3.5
16,209,3.5
16,208,4.0
16,209,4.0
16,208,4.0
16,209,4.0
16,208,4.0
16,209,4.0
16,208,4.5
16,209,4.5
16,208,4.0
16,209,4.0
16,208,3.5
16,209,3.5
16,208,3.5
16,209,3.5
16,208,3.5
16,209,3.5
16,208,3.5
16,209,3.5
16,208,3.5
16,209,3.5
16,208,3.5
16,209,3.5
16,208,4.0
16,209,4.0
16,208,4.0
16,209,4.0
16,210,3.0
16,210,3.0
16,210,3.0
16,211,4.0
16,211,4.0
16,211,4.0
16,212,1.0
16,212,1.0
16,212,1.0
87,207,2.0
87,534,3.0
87,535,3.5
87,669,4.5
87,767,4.0
87,1041,3.5
87,1042,4.0
87,1043,1.5
87,1044,3.5
87,1045,3.0
87,1046,4.0
87,1047,2.5
87,1048,2.5
87,1049,3.0
87,1050,4.0
35,211,3.0
35,449,3.5
35,450,1.0
35,451,1.0
35,452,3.5
35,453,4.5
35,454,2.5
35,455,4.0
35,456,3.5
35,457,4.0
35,458,3.0
35,459,3.5
35,460,5.0
35,461,0.5
35,1558,0.5
35,462,3.5
17,213,4.5
17,213,4.5
17,213,4.5
17,213,4.5
17,214,4.0
17,214,4.0
17,214,4.0
17,214,4.0
17,215,4.0
17,215,4.0
17,215,4.0
17,215,4.0
17,216,3.5
17,216,3.5
17,216,3.5
17,216,3.5
17,217,3.5
17,217,3.5
17,217,3.5
17,217,3.5
17,218,3.0
17,218,3.0
17,218,3.0
17,218,3.0
17,219,3.0
17,219,3.0
17,219,3.0
17,219,3.0
17,220,3.5
17,220,3.5
17,220,3.5
17,220,3.5
17,221,3.0
17,221,3.0
17,221,3.0
17,221,3.0
17,222,4.0
17,222,4.0
17,222,4.0
17,222,4.0
17,223,3.5
17,223,3.5
17,223,3.5
17,223,3.5
17,224,3.0
17,224,3.0
17,224,3.0
17,224,3.0
17,225,3.5
17,225,3.5
17,225,3.5
17,225,3.5
17,226,4.0
17,226,4.0
17,226,4.0
17,226,4.0
17,227,3.5
17,227,3.5
17,227,3.5
17,227,3.5
96,221,4.5
96,567,5.0
96,601,4.5
96,1130,4.0
96,1131,4.5
96,1132,4.0
96,1133,2.5
96,1134,5.0
96,1135,4.5
96,1136,4.0
96,1137,3.5
96,1138,4.0
96,1139,5.0
96,1140,4.0
96,1141,3.5
18,228,3.5
18,228,3.5
18,228,3.5
18,229,3.0
18,229,3.0
18,229,3.0
18,230,3.5
18,230,3.5
18,230,3.5
18,231,2.0
18,231,2.0
18,231,2.0
18,232,2.5
18,232,2.5
18,232,2.5
18,233,3.0
18,233,3.0
18,233,3.0
18,234,2.5
18,234,2.5
18,234,2.5
18,235,3.5
18,235,3.5
18,235,3.5
18,236,3.0
18,236,3.0
18,236,3.0
18,237,3.5
18,237,3.5
18,237,3.5
18,238,4.0
18,238,4.0
18,238,4.0
18,239,3.5
18,239,3.5
18,239,3.5
18,240,4.0
18,240,4.0
18,240,4.0
18,241,3.0
18,241,3.0
18,241,3.0
18,242,3.0
18,242,3.0
18,242,3.0
27,240,4.5
27,240,4.5
27,240,4.5
27,240,4.5
27,240,4.5
27,340,3.5
27,340,3.5
27,340,3.5
27,340,3.5
27,340,3.5
27,341,4.0
27,341,4.0
27,341,4.0
27,341,4.0
27,341,4.0
27,342,4.0
27,342,4.0
27,342,4.0
27,342,4.0
27,342,4.0
27,343,3.5
27,343,3.5
27,343,3.5
27,343,3.5
27,343,3.5
27,344,3.0
27,344,3.0
27,344,3.0
27,344,3.0
27,344,3.0
27,345,5.0
27,345,5.0
27,345,5.0
27,345,5.0
27,345,5.0
27,346,3.5
27,346,3.5
27,346,3.5
27,346,3.5
27,346,3.5
27,347,4.0
27,347,4.0
27,347,4.0
27,347,4.0
27,347,4.0
27,348,4.0
27,348,4.0
27,348,4.0
27,348,4.0
27,348,4.0
27,349,2.5
27,349,2.5
27,349,2.5
27,349,2.5
27,349,2.5
27,350,3.5
27,350,3.5
27,350,3.5
27,350,3.5
27,350,3.5
27,351,4.0
27,351,4.0
27,351,4.0
27,351,4.0
27,351,4.0
27,352,3.5
27,352,3.5
27,352,3.5
27,352,3.5
27,352,3.5
27,353,4.5
27,353,4.5
27,353,4.5
27,353,4.5
27,353,4.5
121,240,4.0
121,610,4.0
121,1421,2.0
121,1422,3.5
121,1423,0.0
121,1424,3.0
121,1425,3.0
121,1426,3.0
121,1427,0.5
121,1428,3.5
121,1429,3.5
121,1430,3.0
121,1431,4.5
121,1432,3.5
121,1433,3.0
143,240,4.0
143,341,4.0
143,532,4.0
143,544,3.5
143,638,2.5
143,641,3.5
143,722,3.5
143,842,3.0
143,1653,3.5
143,1654,3.5
143,1655,4.0
143,1656,3.5
143,1657,4.0
143,1658,4.0
143,1659,3.5
20,255,4.0
20,255,4.5
20,255,4.5
20,255,5.0
20,255,4.5
20,255,4.5
20,255,5.0
20,255,4.0
20,255,4.0
20,255,4.0
20,255,4.5
20,255,4.5
20,255,5.0
20,255,4.5
20,255,4.5
20,255,5.0
20,255,4.0
20,255,4.0
20,255,4.0
20,255,4.5
20,255,4.5
20,255,5.0
20,255,4.5
20,255,4.5
20,255,5.0
20,255,4.0
20,255,4.0
20,255,4.0
20,255,4.5
20,255,4.5
20,255,5.0
20,255,4.5
20,255,4.5
20,255,5.0
20,255,4.0
20,255,4.0
20,255,4.0
20,255,4.5
20,255,4.5
20,255,5.0
20,255,4.5
20,255,4.5
20,255,5.0
20,255,4.0
20,255,4.0
20,255,4.0
20,255,4.5
20,255,4.5
20,255,5.0
20,255,4.5
20,255,4.5
20,255,5.0
20,255,4.0
20,255,4.0
20,255,4.5
20,255,4.5
20,255,5.0
20,255,4.5
20,255,4.5
20,255,5.0
20,255,4.0
20,256,3.5
20,256,3.0
20,256,3.5
20,256,3.0
20,256,3.5
20,256,3.0
20,256,3.5
20,256,3.0
20,256,3.5
20,256,3.0
20,256,3.5
20,256,3.0
20,256,3.5
20,256,3.0
20,257,4.0
20,1514,4.0
20,257,2.0
20,1514,2.0
20,257,5.0
20,1514,5.0
20,257,3.5
20,1514,3.5
20,257,4.0
20,1514,4.0
20,257,2.0
20,1514,2.0
20,257,5.0
20,1514,5.0
20,257,3.5
20,1514,3.5
20,257,4.0
20,1514,4.0
20,257,2.0
20,1514,2.0
20,257,5.0
20,1514,5.0
20,257,3.5
20,1514,3.5
20,257,4.0
20,1514,4.0
20,257,2.0
20,1514,2.0
20,257,5.0
20,1514,5.0
20,257,3.5
20,1514,3.5
20,257,4.0
20,1514,4.0
20,257,2.0
20,1514,2.0
20,257,5.0
20,1514,5.0
20,257,3.5
20,1514,3.5
20,257,4.5
20,1514,4.5
20,257,4.0
20,1514,4.0
20,257,2.0
20,1514,2.0
20,257,5.0
20,1514,5.0
20,257,3.5
20,1514,3.5
20,257,4.5
20,1514,4.5
20,257,4.0
20,1514,4.0
20,257,2.0
20,1514,2.0
20,257,5.0
20,1514,5.0
20,257,3.5
20,1514,3.5
101,257,3.0
101,1514,3.0
101,1184,4.5
101,1185,3.5
101,1186,3.5
101,1187,4.0
101,1188,3.0
101,1189,3.0
101,1190,3.5
101,1191,4.5
101,1192,1.0
101,1193,2.5
101,1194,4.5
101,1195,4.0
101,1196,4.0
101,1197,5.0
129,257,4.5
129,1514,4.5
129,257,5.0
129,1514,5.0
129,344,3.5
129,651,3.5
129,1127,2.0
129,1506,2.5
129,1507,4.0
129,1508,4.0
129,1509,3.0
129,1510,3.5
129,1511,4.5
129,1512,3.5
129,1513,3.5
129,1515,2.5
129,1516,2.5
63,264,5.0
63,264,5.0
63,264,5.0
63,501,4.0
63,501,4.0
63,501,4.0
63,527,4.0
63,527,4.0
63,527,4.0
63,534,3.5
63,534,3.5
63,534,3.5
63,645,4.5
63,645,4.5
63,645,4.5
63,671,5.0
63,671,5.0
63,671,5.0
63,792,4.5
63,792,4.5
63,792,4.5
63,793,4.0
63,793,4.0
63,793,4.0
63,794,5.0
63,794,5.0
63,794,5.0
63,795,4.5
63,795,4.5
63,795,4.5
63,796,4.0
63,796,4.0
63,796,4.0
63,797,4.0
63,797,4.0
63,797,4.0
63,798,4.0
63,798,4.0
63,798,4.0
63,799,2.5
63,799,2.5
63,799,2.5
63,800,3.5
63,800,3.5
63,800,3.5
22,266,3.5
22,267,3.5
22,268,3.5
22,269,3.5
22,270,2.5
22,271,3.5
22,272,3.5
22,273,3.0
22,274,3.0
22,275,3.0
22,276,3.0
22,277,4.0
22,278,3.0
22,279,3.5
22,280,3.0
106,276,3.5
106,527,4.0
106,645,3.5
106,650,4.0
106,1212,3.0
106,1251,1.0
106,1252,2.5
106,1253,4.5
106,1254,3.5
106,1255,3.5
106,1256,3.5
106,1257,4.0
106,1258,4.5
106,1259,3.0
106,1260,2.5
23,281,3.5
23,282,4.0
23,283,4.5
23,284,1.5
23,285,4.5
23,286,4.5
23,287,4.0
23,288,4.0
23,289,4.0
23,290,4.0
23,291,4.0
23,292,2.5
23,293,4.5
23,294,3.5
23,295,5.0
24,296,4.0
24,297,3.0
24,298,3.0
24,299,4.0
24,300,4.5
24,301,4.0
24,302,4.0
24,303,4.0
24,304,4.0
24,305,4.5
24,306,4.5
24,307,4.0
24,308,4.0
24,309,3.0
24,310,4.0
25,311,4.0
25,311,4.0
25,311,4.0
25,311,4.0
25,312,4.5
25,312,4.5
25,312,4.5
25,312,4.5
25,313,3.5
25,313,3.5
25,313,3.5
25,313,3.5
25,314,3.5
25,314,3.5
25,314,3.5
25,314,3.5
25,315,4.0
25,315,4.0
25,315,4.0
25,315,4.0
25,316,2.5
25,316,2.5
25,316,2.5
25,316,2.5
25,317,4.0
25,317,4.0
25,317,4.0
25,317,4.0
25,318,3.0
25,318,3.0
25,318,3.0
25,318,3.0
25,319,3.0
25,319,3.0
25,319,3.0
25,319,3.0
25,320,4.0
25,320,4.0
25,320,4.0
25,320,4.0
25,321,3.5
25,321,3.5
25,321,3.5
25,321,3.5
25,322,3.5
25,322,3.5
25,322,3.5
25,322,3.5
25,323,3.0
25,323,3.0
25,323,3.0
25,323,3.0
25,324,3.5
25,324,3.5
25,324,3.5
25,324,3.5
25,325,4.0
25,325,4.0
25,325,4.0
25,325,4.0
26,327,4.5
26,328,5.0
26,329,3.5
26,330,4.0
26,331,4.5
26,332,4.5
26,333,5.0
26,1760,5.0
26,334,5.0
26,335,3.5
26,335,4.5
26,335,5.0
26,336,3.0
26,337,4.5
26,338,4.0
26,339,4.0
124,333,4.0
124,1760,4.0
124,366,4.5
124,367,4.5
124,366,5.0
124,367,5.0
124,463,3.5
124,464,3.5
124,1071,3.5
124,466,3.5
124,1468,3.5
124,466,4.5
124,1468,4.5
124,1460,4.5
124,1461,5.0
124,1462,4.0
124,1665,4.0
124,1463,4.5
124,1464,4.0
124,1465,4.0
124,1815,4.0
124,1466,4.5
124,1467,4.0
47,351,5.0
47,481,4.5
47,601,5.0
47,602,4.5
47,603,4.0
47,604,4.0
47,605,4.5
47,606,4.5
47,607,4.5
47,608,5.0
47,609,4.0
47,610,4.5
47,611,4.5
47,612,4.5
47,613,4.0
28,354,1.5
28,355,4.5
28,356,4.0
28,357,4.5
28,358,4.5
28,359,4.0
28,360,4.0
28,361,4.0
28,362,3.0
28,363,4.0
28,364,3.5
28,365,3.5
28,366,5.0
28,367,5.0
28,366,4.5
28,367,4.5
28,368,4.5
31,357,4.0
31,357,4.0
31,398,3.5
31,398,3.5
31,399,3.5
31,399,3.5
31,400,2.5
31,400,2.5
31,401,4.5
31,401,4.5
31,402,3.0
31,402,3.0
31,403,4.0
31,403,4.0
31,404,4.5
31,404,4.5
31,405,4.5
31,405,4.5
31,406,1.5
31,406,1.5
31,407,5.0
31,407,5.0
82,366,2.5
82,367,2.5
82,366,3.5
82,367,3.5
82,366,4.0
82,367,4.0
82,540,4.5
82,990,4.5
82,870,4.0
82,948,4.0
82,870,4.5
82,948,4.5
82,870,3.5
82,948,3.5
82,870,3.5
82,948,3.5
82,870,4.5
82,948,4.5
82,870,5.0
82,948,5.0
82,870,4.0
82,948,4.0
82,870,4.0
82,948,4.0
82,991,3.5
82,992,3.5
82,993,3.5
29,369,3.5
29,370,3.0
29,371,4.5
29,372,4.0
29,373,2.5
29,374,3.5
29,375,3.0
29,376,4.0
29,377,4.0
29,378,5.0
29,379,3.0
29,380,3.0
29,381,3.5
29,382,4.0
29,383,5.0
154,381,3.5
154,871,1.0
154,1672,2.5
154,1748,3.0
154,1749,4.0
154,1750,3.5
154,1751,4.0
154,1752,4.5
154,1753,3.5
154,1754,3.0
154,1755,3.5
154,1756,3.5
154,1757,4.0
154,1758,3.0
154,1759,2.5
33,419,3.0
33,420,2.5
33,421,3.5
33,422,2.5
33,423,3.5
33,424,3.5
33,425,3.5
33,426,3.5
33,427,3.5
33,428,3.5
33,429,4.0
33,430,3.0
33,431,3.0
33,432,2.5
33,433,3.0
113,423,4.5
113,1290,5.0
113,1329,5.0
113,1330,5.0
113,1331,4.5
113,1332,3.5
113,1333,3.5
113,1334,3.0
113,1335,4.0
113,1336,4.0
113,1337,3.0
113,1338,5.0
113,1339,5.0
113,1340,5.0
113,1341,2.5
161,423,2.5
161,1406,3.0
161,1471,3.0
161,1724,4.0
161,1727,3.5
161,1765,3.5
161,1820,4.5
161,1821,4.5
161,1822,3.0
161,1823,2.5
161,1824,2.0
161,1825,3.0
161,1826,3.5
161,1827,2.5
161,1828,2.5
34,434,4.0
34,435,3.0
34,436,3.5
34,437,3.0
34,438,4.0
34,439,4.0
34,440,3.5
34,441,4.0
34,442,4.0
34,443,3.5
34,444,4.0
34,445,4.5
34,446,2.5
34,447,3.0
34,448,3.5
86,450,2.5
86,916,4.0
86,1028,2.0
86,1029,2.0
86,1030,2.0
86,1031,2.5
86,1032,3.0
86,1033,2.5
86,1034,2.5
86,1035,2.0
86,1036,2.5
86,1037,3.0
86,1038,1.5
86,1039,
86,1040,2.5
79,454,3.5
79,627,2.5
79,644,2.0
79,764,4.0
79,873,0.5
79,952,4.0
79,953,2.0
79,954,0.5
79,955,2.0
79,956,0.5
79,957,1.5
79,958,3.5
79,1155,3.5
79,959,3.5
79,960,4.0
79,961,4.5
56,461,4.5
56,1558,4.5
56,490,5.0
56,708,4.5
56,709,5.0
56,710,0.5
56,711,4.0
56,712,0.5
56,713,4.5
56,714,5.0
56,715,4.5
56,716,2.5
56,717,4.0
56,718,4.5
56,719,0.5
56,720,5.0
133,461,4.0
133,1558,4.0
133,495,4.0
133,531,4.0
133,638,4.0
133,645,4.5
133,721,4.5
133,1390,4.0
133,1552,4.0
133,1553,3.5
133,1554,5.0
133,1555,5.0
133,1556,3.5
133,1557,4.0
133,1559,4.0
133,1560,3.5
36,463,2.5
36,464,2.5
36,1071,2.5
36,465,3.5
36,466,2.5
36,1468,2.5
36,467,5.0
36,467,5.0
36,468,5.0
36,468,5.0
36,469,5.0
36,470,5.0
36,470,5.0
36,470,5.0
36,470,5.0
36,470,5.0
36,470,4.5
90,464,4.0
90,1071,4.0
90,464,4.0
90,1071,4.0
90,464,4.0
90,1071,4.0
90,464,4.5
90,1071,4.5
90,464,4.0
90,1071,4.0
90,464,3.5
90,1071,3.5
90,464,4.5
90,1071,4.5
90,464,4.5
90,1071,4.5
90,1065,3.5
90,1066,4.0
90,1067,3.5
90,1068,2.5
90,1069,3.5
90,1070,3.5
90,1072,3.0
37,471,5.0
37,472,4.5
37,473,2.5
37,474,3.5
37,475,3.5
37,476,5.0
37,477,4.5
37,478,2.5
37,479,4.0
37,480,3.5
37,481,4.5
37,482,3.5
37,483,4.0
37,484,4.5
37,485,0.5
84,498,5.0
84,574,4.0
84,606,4.0
84,950,4.5
84,1008,4.5
84,1009,4.0
84,1010,4.5
84,1011,3.5
84,1012,4.5
84,1013,4.0
84,1014,4.0
84,1015,5.0
84,1016,2.0
84,1017,4.0
84,1018,1.0
50,501,3.5
50,531,4.0
50,544,5.0
50,546,4.5
50,634,4.5
50,635,5.0
50,636,4.0
50,637,3.0
50,638,4.0
50,639,3.5
50,640,3.5
50,641,5.0
50,642,3.5
50,643,3.5
50,644,4.0
40,511,4.0
40,512,5.0
40,513,3.0
40,514,3.0
40,515,3.5
40,516,2.5
40,517,4.0
40,518,3.0
40,519,2.5
40,520,2.0
40,521,3.0
40,522,2.5
40,523,3.5
40,524,3.5
40,525,4.5
54,527,3.5
54,527,3.5
54,527,3.5
54,615,5.0
54,615,5.0
54,615,5.0
54,615,5.0
54,615,5.0
54,615,5.0
54,645,4.5
54,645,4.5
54,645,4.5
54,683,4.5
54,683,4.5
54,683,4.5
54,684,4.0
54,684,4.0
54,684,4.0
54,685,4.5
54,685,4.5
54,685,4.5
54,686,5.0
54,686,5.0
54,686,5.0
54,687,2.0
54,687,2.0
54,687,2.0
54,688,3.5
54,688,3.5
54,688,3.5
54,689,4.0
54,689,4.0
54,689,4.0
54,690,4.0
54,690,4.0
54,690,4.0
54,691,4.0
54,691,4.0
54,691,4.0
54,692,5.0
54,692,5.0
54,692,5.0
54,693,4.5
54,693,4.5
54,693,4.5
77,543,2.5
77,897,1.0
77,926,2.5
77,932,4.5
77,933,3.0
77,934,4.5
77,935,2.0
77,936,4.0
77,937,1.5
77,938,4.0
77,939,3.5
77,940,3.5
77,941,3.5
77,942,2.5
77,1347,2.5
77,942,2.5
77,1347,2.5
80,556,1.5
80,962,4.0
80,963,5.0
80,964,4.0
80,965,3.5
80,966,4.0
80,967,1.5
80,968,4.0
80,969,5.0
80,970,1.5
80,971,2.5
80,972,2.5
80,973,3.5
80,974,1.0
80,975,1.5
127,556,5.0
127,1495,4.0
127,1495,4.0
127,1496,5.0
127,1497,3.5
127,1497,4.5
127,1497,5.0
127,1497,5.0
127,1497,5.0
127,1497,4.0
127,1497,4.0
127,1497,5.0
127,1497,4.5
127,1497,4.0
127,1498,1.0
45,572,5.0
45,572,5.0
45,572,5.0
45,572,5.0
45,573,5.0
45,573,5.0
45,573,5.0
45,573,5.0
45,574,0.5
45,574,0.5
45,574,0.5
45,574,0.5
45,575,0.5
45,575,0.5
45,575,0.5
45,575,0.5
45,576,2.0
45,576,2.0
45,576,2.0
45,576,2.0
45,577,5.0
45,577,5.0
45,577,5.0
45,577,5.0
45,578,4.0
45,578,4.0
45,578,4.0
45,578,4.0
45,579,1.0
45,579,1.0
45,579,1.0
45,579,1.0
45,580,3.5
45,580,3.5
45,580,3.5
45,580,3.5
45,581,3.0
45,581,3.0
45,581,3.0
45,581,3.0
45,582,4.0
45,582,4.0
45,582,4.0
45,582,4.0
45,583,0.5
45,583,0.5
45,583,0.5
45,583,0.5
45,584,0.5
45,584,0.5
45,584,0.5
45,584,0.5
45,585,3.5
45,585,3.5
45,585,3.5
45,585,3.5
45,586,3.5
45,586,3.5
45,586,3.5
45,586,3.5
49,576,5.0
49,620,0.5
49,621,0.5
49,620,0.5
49,621,0.5
49,622,5.0
49,623,0.5
49,624,0.5
49,625,0.5
49,626,5.0
49,627,0.5
49,628,0.5
49,629,4.5
49,630,5.0
49,631,0.5
49,632,5.0
49,633,2.0
81,603,4.0
81,976,4.0
81,977,4.0
81,978,5.0
81,979,5.0
81,980,5.0
81,981,4.0
81,982,3.0
81,983,0.5
81,984,4.5
81,985,5.0
81,986,3.0
81,987,5.0
81,988,4.0
81,989,4.0
148,606,4.0
148,608,3.0
148,1242,4.5
148,1293,3.5
148,1411,0.5
148,1695,4.5
148,1696,4.0
148,1697,4.0
148,1698,4.0
148,1699,4.5
148,1700,5.0
148,1701,4.5
148,1702,4.0
148,1703,3.5
148,1704,3.5
48,614,3.5
48,614,3.5
48,615,5.0
48,615,5.0
48,615,4.0
48,615,4.0
48,615,4.5
48,615,5.0
48,615,5.0
48,615,4.0
48,615,4.0
48,615,4.5
48,616,2.5
48,616,2.5
48,617,4.0
48,617,4.0
48,617,4.5
48,617,4.0
48,617,3.5
48,617,4.0
48,617,4.0
48,617,4.5
48,617,4.0
48,617,3.5
48,618,4.0
48,618,3.5
48,618,4.0
48,618,3.5
48,619,2.5
48,619,2.5
140,634,2.5
140,671,2.0
140,1622,0.5
140,1623,3.5
140,1624,2.0
140,1625,2.0
140,1626,3.0
140,1627,2.5
140,1628,2.0
140,1629,2.5
140,1630,4.0
140,1631,3.0
140,1632,3.5
140,1633,1.5
140,1634,2.0
134,643,1.5
134,842,3.0
134,926,3.5
134,1561,3.0
134,1562,3.0
134,1563,3.5
134,1564,2.5
134,1565,3.5
134,1566,3.0
134,1567,3.5
134,1568,3.5
134,1569,2.0
134,1570,0.5
134,1571,3.5
134,1572,2.0
73,645,3.5
73,902,3.0
73,902,3.5
73,902,3.5
73,902,3.0
73,902,3.5
73,902,3.5
73,902,3.5
73,902,2.5
73,902,3.5
73,902,3.5
73,902,3.5
73,902,3.5
73,903,3.5
73,903,3.5
52,653,1.5
52,654,5.0
52,655,2.0
52,656,1.0
52,657,0.5
52,658,2.0
52,659,3.0
52,660,5.0
52,661,5.0
52,662,4.0
52,663,1.5
52,664,2.0
52,665,5.0
52,666,1.0
52,667,1.0
105,653,5.0
105,1237,4.0
105,1238,3.0
105,1239,1.0
105,1240,5.0
105,1241,5.0
105,1242,5.0
105,1243,4.0
105,1244,4.0
105,1245,5.0
105,1246,3.5
105,1247,4.5
105,1248,3.5
105,1249,3.5
105,1250,4.5
53,668,3.5
53,668,3.5
53,669,4.0
53,669,4.0
53,670,4.5
53,670,4.5
53,671,5.0
53,671,5.0
53,672,3.5
53,672,3.5
53,673,4.5
53,673,4.5
53,674,4.5
53,674,4.5
53,675,4.5
53,675,4.5
53,676,4.5
53,676,4.5
53,677,4.0
53,677,4.0
53,678,5.0
53,678,5.0
53,679,4.0
53,679,4.0
53,680,4.0
53,680,4.0
53,681,3.5
53,681,3.5
53,682,4.5
53,682,4.5
55,694,5.0
55,695,4.0
55,696,4.5
55,697,3.5
55,698,1.5
55,698,1.0
55,699,2.5
55,700,3.5
55,701,4.0
55,702,4.0
55,703,3.5
55,704,4.5
55,705,3.5
55,706,4.0
55,707,5.0
66,717,2.0
66,819,5.0
66,820,4.5
66,821,5.0
66,822,0.5
66,823,5.0
66,824,5.0
66,825,1.0
66,826,0.5
66,827,0.5
66,828,2.5
66,829,5.0
66,830,4.0
66,831,3.5
66,832,3.0
58,721,4.5
58,733,3.0
58,734,4.0
58,735,3.5
58,736,4.0
58,737,3.5
58,738,0.5
58,739,4.0
58,740,5.0
58,741,3.0
58,742,4.5
58,742,5.0
58,743,4.5
58,744,4.5
58,745,4.5
59,746,5.0
59,747,5.0
59,748,3.5
59,749,4.0
59,750,3.5
59,751,4.5
59,752,4.0
59,753,5.0
59,754,3.5
59,755,4.5
59,756,3.0
59,757,4.0
59,758,4.0
59,759,5.0
59,760,5.0
71,747,5.0
71,874,5.0
71,875,5.0
71,876,5.0
71,877,5.0
71,878,5.0
71,879,5.0
71,880,4.0
71,881,5.0
71,882,0.5
71,883,5.0
71,884,5.0
71,885,5.0
71,886,5.0
71,887,5.0
157,766,5.0
157,1774,5.0
157,766,5.0
157,1774,5.0
157,766,5.0
157,1774,5.0
157,766,5.0
157,1774,5.0
157,766,5.0
157,1774,5.0
157,766,5.0
157,1774,5.0
157,1592,3.5
157,1773,5.0
157,1773,5.0
157,1775,3.0
157,1776,4.5
157,1777,4.5
157,1776,5.0
157,1777,5.0
157,1776,5.0
157,1777,5.0
157,1778,3.5
157,1779,4.0
61,768,0.0
61,769,3.0
61,770,0.0
61,771,0.0
61,772,3.0
61,773,0.0
61,774,0.0
61,775,1.0
61,776,2.5
61,777,3.0
61,778,0.0
61,779,0.0
61,780,2.5
61,781,0.0
61,782,0.0
64,801,5.0
64,803,5.0
64,801,5.0
64,803,5.0
64,801,5.0
64,803,5.0
64,801,5.0
64,803,5.0
64,801,5.0
64,803,5.0
64,801,5.0
64,803,5.0
64,801,5.0
64,803,5.0
64,801,5.0
64,803,5.0
64,801,5.0
64,803,5.0
64,801,5.0
64,803,5.0
64,801,5.0
64,803,5.0
64,801,5.0
64,803,5.0
64,801,5.0
64,803,5.0
64,801,5.0
64,803,5.0
64,801,5.0
64,803,5.0
64,801,5.0
64,803,5.0
64,801,5.0
64,803,5.0
64,801,5.0
64,803,5.0
64,801,5.0
64,803,5.0
64,801,5.0
64,803,5.0
64,801,5.0
64,803,5.0
64,801,5.0
64,803,5.0
64,801,5.0
64,803,5.0
64,801,5.0
64,803,5.0
64,801,5.0
64,803,5.0
64,801,5.0
64,803,5.0
64,801,5.0
64,803,5.0
64,801,5.0
64,803,5.0
64,801,5.0
64,803,5.0
64,801,5.0
64,803,5.0
64,801,5.0
64,803,5.0
64,801,5.0
64,803,5.0
64,801,5.0
64,803,5.0
64,801,5.0
64,803,5.0
64,801,5.0
64,803,5.0
64,801,5.0
64,803,5.0
64,801,5.0
64,803,5.0
64,801,5.0
64,803,5.0
64,801,5.0
64,803,5.0
64,801,5.0
64,803,5.0
64,801,5.0
64,803,5.0
64,801,5.0
64,803,5.0
64,801,5.0
64,803,5.0
64,801,5.0
64,803,5.0
64,801,5.0
64,803,5.0
64,801,5.0
64,803,5.0
64,801,5.0
64,803,5.0
64,801,5.0
64,803,5.0
64,801,5.0
64,803,5.0
64,801,5.0
64,803,5.0
64,801,5.0
64,803,5.0
64,801,5.0
64,803,5.0
64,802,5.0
64,802,5.0
64,802,5.0
64,802,5.0
64,804,0.5
64,804,0.5
64,804,0.5
64,804,0.5
115,815,4.0
115,926,3.0
115,1046,1.5
115,1357,4.0
115,1358,2.0
115,1359,5.0
115,1360,1.5
115,1361,3.5
115,1362,1.0
115,1363,1.5
115,1364,1.5
115,1365,3.0
115,1366,5.0
115,1367,1.0
115,1368,4.0
145,901,4.5
145,1670,4.5
145,1671,2.5
145,1671,2.0
145,1671,2.5
145,1672,3.5
145,1673,1.5
145,1674,0.5
145,1675,4.5
145,1676,4.0
145,1677,3.5
145,1678,4.0
145,1679,1.0
145,1680,4.0
145,1680,3.5
114,942,4.5
114,1347,4.5
114,1342,5.0
114,1343,1.0
114,1344,4.0
114,1345,3.0
114,1346,3.5
114,1348,1.5
114,1349,4.0
114,1350,4.0
114,1351,2.5
114,1352,3.5
114,1353,4.5
114,1354,3.5
114,1355,2.0
114,1356,4.0
97,958,5.0
97,1155,5.0
97,1061,4.5
97,1143,4.0
97,1144,5.0
97,1145,4.5
97,1145,3.5
97,1146,3.5
97,1147,5.0
97,1148,4.0
97,1149,4.5
97,1150,4.0
97,1151,4.5
97,1152,3.5
97,1153,3.0
97,1154,3.5
119,967,5.0
119,1399,5.0
119,1400,5.0
119,1401,5.0
119,1402,5.0
119,1403,5.0
119,1404,0.5
119,1405,0.0
119,1406,5.0
119,1407,5.0
119,1408,5.0
119,1409,5.0
119,1408,5.0
119,1409,5.0
119,1410,0.0
119,1410,0.0
119,1410,0.0
160,983,4.0
160,1465,2.0
160,1815,2.0
160,1806,4.5
160,1807,2.5
160,1808,3.5
160,1809,5.0
160,1810,4.5
160,1811,1.0
160,1812,5.0
160,1813,4.0
160,1814,5.0
160,1816,1.0
160,1817,2.0
160,1818,4.0
160,1819,0.5
136,985,4.5
136,1576,1.0
136,1576,2.0
136,1576,4.0
136,1576,4.5
136,1577,0.5
136,1578,4.0
136,1579,3.5
136,1580,2.5
136,1581,3.5
136,1582,3.0
136,1583,0.0
136,1584,0.0
136,1585,0.0
136,1586,3.5
116,1013,3.0
116,1369,3.0
116,1370,4.0
116,1371,4.0
116,1372,3.5
116,1373,0.5
116,1374,4.5
116,1375,3.0
116,1376,5.0
116,1377,4.5
116,1378,3.0
116,1379,3.0
116,1380,4.0
116,1381,4.5
116,1382,4.5
109,1016,3.5
109,1288,4.5
109,1289,4.0
109,1290,4.5
109,1291,4.5
109,1292,2.5
109,1293,5.0
109,1294,2.0
109,1295,3.5
109,1296,2.0
109,1297,4.0
109,1298,3.0
109,1299,4.5
109,1300,4.0
109,1301,3.5
89,1063,4.0
89,1063,4.0
89,1064,4.0
89,1064,4.0
89,1064,4.0
89,1064,4.0
89,1064,4.5
89,1064,4.5
89,1064,4.0
89,1064,4.5
89,1064,4.0
89,1064,4.0
89,1064,4.5
89,1064,4.0
89,1064,4.5
89,1064,4.0
89,1064,4.0
89,1064,4.0
89,1064,4.0
89,1064,4.0
89,1064,4.5
89,1064,4.5
89,1064,4.0
89,1064,4.5
89,1064,4.0
89,1064,4.0
89,1064,4.5
89,1064,4.0
89,1064,4.5
89,1064,4.0
93,1096,4.0
93,1096,4.0
93,1097,4.5
93,1097,4.5
93,1098,4.0
93,1098,4.0
93,1099,4.5
93,1099,4.5
93,1100,3.5
93,1100,3.5
93,1101,3.0
93,1101,3.0
93,1102,3.5
93,1102,3.5
93,1103,3.5
93,1103,3.5
93,1104,4.0
93,1104,4.0
93,1105,4.0
93,1105,4.0
93,1106,4.0
93,1106,4.0
93,1107,4.0
93,1107,4.0
93,1108,4.0
93,1108,4.0
93,1109,3.5
93,1109,3.5
93,1110,4.5
93,1110,4.5
99,1163,3.5
99,1164,0.0
99,1165,3.0
99,1166,4.0
99,1167,3.5
99,1168,3.0
99,1169,3.5
99,1170,3.0
99,1171,3.0
99,1172,2.0
99,1173,3.0
99,1174,3.5
99,1175,2.5
99,1176,3.0
99,1177,3.5
110,1176,2.5
110,1302,3.5
110,1303,2.5
110,1304,3.0
110,1305,2.5
110,1306,3.0
110,1307,2.5
110,1308,2.0
110,1309,3.0
110,1310,3.5
110,1311,2.0
110,1312,3.5
110,1313,3.0
110,1314,2.5
110,1315,2.0
104,1222,3.5
104,1223,3.0
104,1224,4.0
104,1225,4.0
104,1226,1.5
104,1227,1.5
104,1228,3.0
104,1229,2.5
104,1230,2.0
104,1231,3.0
104,1232,2.5
104,1233,3.0
104,1234,2.5
104,1235,2.5
104,1236,3.0
108,1273,2.5
108,1274,4.0
108,1275,3.5
108,1276,3.5
108,1277,4.0
108,1278,3.5
108,1279,3.5
108,1280,3.5
108,1281,3.5
108,1282,2.0
108,1283,3.0
108,1284,4.0
108,1285,3.5
108,1286,3.5
108,1287,3.0
123,1445,3.5
123,1446,3.5
123,1447,2.5
123,1448,3.0
123,1449,4.0
123,1450,3.5
123,1451,4.0
123,1452,4.0
123,1453,3.5
123,1454,3.5
123,1455,3.5
123,1456,3.0
123,1457,4.0
123,1458,4.0
123,1459,3.5
126,1480,4.0
126,1481,4.0
126,1482,4.5
126,1483,4.5
126,1484,3.5
126,1485,1.0
126,1486,4.0
126,1487,3.0
126,1488,2.0
126,1489,4.0
126,1490,4.5
126,1491,4.5
126,1492,2.5
126,1493,4.0
126,1494,4.5
130,1517,4.0
130,1517,3.5
130,1517,4.0
130,1517,4.0
130,1517,3.5
130,1517,3.5
130,1518,1.5
130,1519,0.5
130,1520,4.0
130,1521,4.0
130,1522,4.5
130,1523,3.0
130,1523,3.5
130,1524,1.5
130,1525,3.0
141,1521,4.5
141,1635,4.5
141,1636,5.0
141,1637,4.0
141,1638,2.0
141,1639,3.5
141,1640,3.5
141,1641,2.0
141,1642,4.0
141,1643,1.5
141,1644,2.0
141,1645,2.0
141,1646,4.0
141,1647,4.5
141,1648,3.0
131,1526,5.0
131,1527,5.0
131,1528,5.0
131,1529,3.0
131,1530,3.0
131,1531,5.0
131,1532,3.0
131,1533,5.0
131,1534,1.0
131,1535,3.0
131,1536,1.5
131,1537,5.0
131,1538,3.5
131,1539,1.5
131,1540,2.5
135,1573,5.0
135,1574,5.0
135,1574,4.5
135,1574,5.0
135,1574,5.0
135,1574,5.0
135,1574,5.0
135,1574,5.0
135,1575,5.0
135,1575,5.0
135,1575,5.0
135,1575,5.0
135,1575,5.0
135,1575,5.0
135,1575,5.0
139,1607,4.5
139,1608,3.0
139,1609,5.0
139,1610,2.0
139,1611,4.5
139,1612,3.5
139,1613,2.5
139,1614,1.5
139,1615,3.5
139,1616,3.0
139,1617,4.0
139,1618,4.0
139,1619,3.0
139,1620,3.5
139,1621,4.0
